activity,trial,subject,fs_hz,n_samples,duration_s,file_clean,file_problems,trimmed_start_s,trimmed_end_s,steady_s,n_active_segments,kept_fraction_of_active,frame_mode,frame_verdict,frame_reasons,forward_eig_ratio,forward_well_conditioned,forward_sign_confident,f_step_hz_used,frame_f_step_mismatch,degenerate_forward_samples,vertical_tilt_median_deg,vertical_tilt_p95_deg,forward_drift_p95_deg,n_stability_windows,static_frame_valid,step_stride_axis_angle_deg,stride_axis_eig_ratio,ml_check_state,ml_independently_supported,fundamental_power_fraction,second_harmonic_ratio,step_regularity,stride_regularity,step_symmetry_index,periodicity_ok,band_low_hz,band_high_hz,n_steps,cadence_spm,cadence_spm_spectral,cadence_cv,irregular_step_fraction,alternating_interval_asymmetry_abs_pct,largest_interval_step_periods,detection_gap,cadence_in_band,detector_spectral_ratio,cadence_flagged,cadence_failure_cause,sample_rate_plausible,span_too_short,cadence_diagnosis,n_labelled_steps,contact_window_samples,alternation_consistency,alternation_surrogate_null,alternation_random_null,alternation_mid_step,excess_over_surrogate,best_phase_alternation,best_phase_offset,best_phase_excess_over_surrogate,best_phase_surrogate_max_mean,best_phase_beats_surrogate_p95,alternation_phase_range,omega_v_rms_rad_s,omega_stride_power_fraction,omega_stride_over_step_power,cluster_separation_d,ground_truth_available
jog,9,1,50.0,4861,97.22,True,,0.0,2.22,95.0,1,1.0,tracking,vertical_only,"forward axis wanders 86 deg (p95) across windows (> 10): not a fixed horizontal frame | step-rate and stride-rate horizontal axes are 42 deg apart, not ~90 deg: mediolateral axis is unverified | NOTE (not a failure): vertical wanders 53 deg (p95) within the trial, so a trial-constant rotation would be invalid here; tracking mode is in use, which corrects the vertical channel and the per-sample horizontal plane",9.811801837706144,True,True,2.7281013405496277,False,0,24.5055654633249,53.09779755644609,85.66271501500482,22,False,41.80449788157961,12.023308876099625,unsupported,False,0.3886407367309769,0.20549033184022372,0.0802746102646589,0.8805305685153976,0.09116618222579648,True,1.9096709383847392,4.092152010824441,257,162.84987277353687,163.68608043297766,0.17347436974531968,0.01953125,32.14588634435971,1.7837837837837889,False,True,0.9948913942026782,False,none,True,False,in band and consistent with the spectral estimate,257,5,0.5390625,0.5466796875,0.49990234375,0.94921875,-0.007617187499999956,0.98828125,0.6,0.32078125,0.6675,True,0.84375,3.087195100860388,0.2913162281642237,0.7712097737500869,1.991812962878197,False
jog,9,2,50.0,4966,99.32,True,,0.0,0.32,99.0,1,1.0,tracking,vertical_only,"forward axis wanders 65 deg (p95) across windows (> 10): not a fixed horizontal frame | step-rate and stride-rate horizontal axes are 14 deg apart, not ~90 deg: mediolateral axis is unverified | NOTE (not a failure): vertical wanders 39 deg (p95) within the trial, so a trial-constant rotation would be invalid here; tracking mode is in use, which corrects the vertical channel and the per-sample horizontal plane",6.764288515230876,True,True,2.6900546117556687,False,0,16.88861800942359,39.0191199712206,64.75728984722969,23,False,13.605539769813074,9.48345384042625,unsupported,False,0.5809584814939012,0.1429143701301164,0.40496722853162104,0.9058592604141923,0.4470531419488443,True,1.883038228228968,4.035081917633503,266,160.99635479951397,161.40327670534012,0.12507682030809594,0.0,23.580274187807515,1.2105263157895092,False,True,0.9974788497846359,False,none,True,False,in band and consistent with the spectral estimate,266,5,0.8075471698113208,0.580698113207547,0.4994716981132076,0.12878787878787878,0.22684905660377375,0.969811320754717,0.1,0.2955405946255003,0.6742707261292167,True,0.8410234419668382,2.0172661147648068,0.27509525262324647,2.71894849317484,3.289228516788723,False
jog,9,3,50.0,4753,95.06,True,,0.0,0.06,95.0,1,1.0,tracking,vertical_only,"forward axis wanders 17 deg (p95) across windows (> 10): not a fixed horizontal frame | step-rate and stride-rate horizontal axes are 40 deg apart, not ~90 deg: mediolateral axis is unverified | NOTE (not a failure): vertical wanders 20 deg (p95) within the trial, so a trial-constant rotation would be invalid here; tracking mode is in use, which corrects the vertical channel and the per-sample horizontal plane",37.29528460957366,True,True,2.884658705279022,False,0,9.199842582184914,20.450942483017794,16.775613205843623,22,False,39.69619009555729,4.110850418508048,unsupported,False,0.6099888766331549,0.06345641378257115,0.4429208056922429,0.8185403982930375,0.541110501834605,True,2.0192610936953153,4.326988057918532,271,171.3197969543147,173.0795223167413,0.10081447030187339,0.011111111111111112,17.597292724196233,1.4117647058823086,False,True,0.9898328505945017,False,none,True,False,in band and consistent with the spectral estimate,271,5,0.43703703703703706,0.457,0.4996851851851851,0.0962962962962963,-0.01996296296296296,0.8444444444444444,0.2,0.31477323420074343,0.529671210243701,True,0.7777777777777778,1.1213913810799976,0.12350104902120823,0.6741112871909045,1.470401870517164,False
jog,9,4,50.0,5294,105.88,True,,0.0,0.88,105.0,1,1.0,tracking,vertical_only,"forward axis wanders 17 deg (p95) across windows (> 10): not a fixed horizontal frame | step-rate and stride-rate horizontal axes are 29 deg apart, not ~90 deg: mediolateral axis is unverified | NOTE (not a failure): vertical wanders 33 deg (p95) within the trial, so a trial-constant rotation would be invalid here; tracking mode is in use, which corrects the vertical channel and the per-sample horizontal plane",15.439832751270922,True,True,2.482312200565182,False,0,15.658471357251019,33.1040443281618,17.126651456331235,25,False,29.135237659254766,46.33917174055646,unsupported,False,0.5620003738024338,0.05589458298411892,0.34322052901108285,0.8552889638510957,0.40129189492364004,True,1.7376185403956275,3.723468300847773,260,148.48079495509268,148.93873203391092,0.15377387758042074,0.11196911196911197,25.859445943083003,2.157894736842051,False,False,0.996925332500387,True,trial,True,False,detector agrees with the spectral estimate (149 spm) to 0%; the runner's cadence really is outside 150-190 spm,260,5,0.4826254826254826,0.5500965250965251,0.4995366795366795,0.26744186046511625,-0.06747104247104246,0.9845559845559846,0.2,0.35041094250396576,0.6341450420520188,True,0.8915327287420312,3.479681588787692,0.08068346199057636,1.8619249901936898,1.8491340233345075,False
jog,9,5,50.0,3558,71.16,True,,0.0,0.16,71.0,1,1.0,tracking,vertical_only,"step-rate and stride-rate horizontal axes are 16 deg apart, not ~90 deg: mediolateral axis is unverified | NOTE (not a failure): vertical wanders 25 deg (p95) within the trial, so a trial-constant rotation would be invalid here; tracking mode is in use, which corrects the vertical channel and the per-sample horizontal plane | forward sign (front vs back) is not resolved with confidence",28.246668000560344,True,False,2.904799866250806,False,0,12.885386667904992,24.508644847318678,7.810621297076214,16,False,16.17658612713957,8.096460724239863,unsupported,False,0.7191396427746326,0.055806085906092706,0.6488065746251609,0.8679213579822518,0.747540740480808,True,2.033359906375564,4.357199799376209,206,173.92533936651583,174.28799197504836,0.08060897380776084,0.0,13.584364741371697,1.2352941176470515,False,True,0.9979192335374175,False,none,True,False,in band and consistent with the spectral estimate,206,5,0.9317073170731708,0.6070731707317073,0.5004146341463415,0.3235294117647059,0.3246341463414635,0.9414634146341463,0.1,0.2406102343376375,0.7008531802965088,True,0.6179340028694404,1.234631622781127,0.38732691466114094,6.469094044793326,6.495715587256071,False
jog,9,6,50.0,4343,86.86,True,,2.0,0.86,84.0,1,1.0,tracking,vertical_only,"forward axis wanders 21 deg (p95) across windows (> 10): not a fixed horizontal frame | step-rate and stride-rate horizontal axes are 13 deg apart, not ~90 deg: mediolateral axis is unverified | NOTE (not a failure): vertical wanders 32 deg (p95) within the trial, so a trial-constant rotation would be invalid here; tracking mode is in use, which corrects the vertical channel and the per-sample horizontal plane | forward sign (front vs back) is not resolved with confidence",10.762907570152219,True,False,2.630047706285169,False,0,14.349368143093752,31.50023887971901,20.57400475998255,20,False,13.479053463132873,12.992887049662883,unsupported,False,0.5676883274876223,0.14151382879736873,0.41767668547519654,0.8860171776209692,0.4714092412933727,True,1.841033394399618,3.9450715594277534,220,157.66738660907126,157.80286237711013,0.11307909628680744,0.0045662100456621,21.1669671930831,1.2631578947368254,False,True,0.9991414872582278,False,none,True,False,in band and consistent with the spectral estimate,220,5,0.6940639269406392,0.6371004566210046,0.499634703196347,0.8853211009174312,0.05696347031963467,0.9817351598173516,0.1,0.23115076871517737,0.7505843911021742,True,0.9266892882577186,2.330646745552366,0.2699483906359404,4.948882277323126,2.367610092423602,False
jog,9,7,50.0,4549,90.98,True,,0.0,44.98,46.0,2,0.5168539325842697,tracking,vertical_only,"horizontal axis not dominant (eigenvalue ratio 1.7 < 4.0) | forward axis wanders 69 deg (p95) across windows (> 10): not a fixed horizontal frame | step-rate and stride-rate horizontal axes are 24 deg apart, not ~90 deg: mediolateral axis is unverified | NOTE (not a failure): vertical wanders 21 deg (p95) within the trial, so a trial-constant rotation would be invalid here; tracking mode is in use, which corrects the vertical channel and the per-sample horizontal plane",1.6820921996692686,False,True,2.7508675363338377,False,0,11.113379042739194,21.49406693234173,69.19651719538625,10,False,23.74715502782106,24.119268280873385,unsupported,False,0.6611103047809956,0.016673557923954873,0.4394979339406883,0.8832141094326109,0.4976119937927938,True,1.9256072754336864,4.126301304500757,127,166.2269129287599,165.05205218003027,0.10160881010010447,0.0,18.64555848724722,1.2,False,True,1.0071181226359316,False,none,True,False,in band and consistent with the spectral estimate,127,5,0.7142857142857143,0.677063492063492,0.5028968253968253,0.35714285714285715,0.03722222222222227,0.9682539682539683,0.2,0.12660698412698423,0.841646984126984,True,0.8162539682539682,1.218627999622031,0.26057335292140593,5.29492672759293,2.5880420022107287,False
jog,9,8,50.0,4247,84.94,True,,0.0,42.94,42.0,2,0.5060240963855421,tracking,vertical_only,"step-rate and stride-rate horizontal axes are 41 deg apart, not ~90 deg: mediolateral axis is unverified | NOTE (not a failure): vertical wanders 15 deg (p95) within the trial, so a trial-constant rotation would be invalid here; tracking mode is in use, which corrects the vertical channel and the per-sample horizontal plane",33.49895548155591,True,True,2.7147495411547657,False,0,8.42826870772031,15.279370281993744,7.164582449651576,9,False,41.221045997312316,11.482868308693801,unsupported,False,0.8280836135399446,0.008796870234465435,0.7747807422786341,0.9251133775947135,0.8374981500030376,True,1.9003246788083359,4.072124311732148,112,162.4390243902439,162.88497246928594,0.06534036634518167,0.0,11.61685144124168,1.1111111111111176,False,True,0.9972621901684262,False,none,True,False,in band and consistent with the spectral estimate,112,5,0.918918918918919,0.6769369369369369,0.5044144144144144,0.8018018018018018,0.24198198198198206,0.9819819819819819,0.1,0.11081081081081079,0.8711711711711712,True,0.5315315315315314,0.9038533687830655,0.5593632269031513,8.102837794540932,3.687844346870089,False
jog,9,9,50.0,3847,76.94,True,,0.0,0.94,76.0,1,1.0,tracking,vertical_only,"forward axis wanders 32 deg (p95) across windows (> 10): not a fixed horizontal frame | step-rate and stride-rate horizontal axes are 33 deg apart, not ~90 deg: mediolateral axis is unverified | NOTE (not a failure): vertical wanders 36 deg (p95) within the trial, so a trial-constant rotation would be invalid here; tracking mode is in use, which corrects the vertical channel and the per-sample horizontal plane | forward sign (front vs back) is not resolved with confidence",13.935594333161541,True,False,2.624207909915138,False,0,15.777691358182587,35.70403454802469,31.859054539411037,18,False,33.27152862476897,43.77527937000936,unsupported,False,0.4288157991231242,0.09118166538686699,0.03792793388856984,0.8693457327722022,0.0436281360323974,True,1.8369455369405965,3.936311864872707,199,157.14285714285717,157.4524745949083,0.14882592502208655,0.010101010101010102,28.359788359788354,1.368421052631571,False,True,0.9980335815435882,False,none,True,False,in band and consistent with the spectral estimate,199,5,0.4444444444444444,0.6689646464646465,0.500909090909091,0.817258883248731,-0.22452020202020206,0.9898477157360406,0.2,0.2115977029174999,0.7782500128185407,True,0.6294416243654821,3.2994367727505267,0.38560364600515545,5.147410661263428,2.12959036735729,False
jog,9,10,50.0,4397,87.94,True,,43.0,0.94,44.0,2,0.5116279069767442,tracking,vertical_only,"forward axis wanders 24 deg (p95) across windows (> 10): not a fixed horizontal frame | step-rate and stride-rate horizontal axes are 37 deg apart, not ~90 deg: mediolateral axis is unverified | NOTE (not a failure): vertical wanders 38 deg (p95) within the trial, so a trial-constant rotation would be invalid here; tracking mode is in use, which corrects the vertical channel and the per-sample horizontal plane | forward sign (front vs back) is not resolved with confidence",14.46748405143605,True,False,3.0785061776470024,False,0,12.108997649844943,37.921016542195034,23.605083626189952,10,False,37.47647013196435,13.682743295831399,unsupported,False,0.6440463573631203,0.33327959408773217,0.8145554955884504,0.8579487178887467,0.9494221258269621,True,2.1549543243529015,4.617759266470504,134,183.70165745856352,184.71037065882015,0.05347839261779719,0.007518796992481203,3.0616942909761296,1.3125000000000486,False,True,0.9945389465861674,False,none,True,False,in band and consistent with the spectral estimate,134,5,0.2932330827067669,0.5539473684210526,0.5021428571428571,0.7575757575757576,-0.26071428571428573,0.9545454545454546,0.6,0.22061745272271605,0.7339280018227385,True,0.8787878787878788,2.52780788717887,0.17365386057295018,0.7839217631750088,2.7804451356851896,False
jog,9,11,50.0,3284,65.68,True,,0.0,30.68,35.0,2,0.546875,tracking,vertical_only,"step-rate and stride-rate horizontal axes are 14 deg apart, not ~90 deg: mediolateral axis is unverified | NOTE (not a failure): vertical wanders 33 deg (p95) within the trial, so a trial-constant rotation would be invalid here; tracking mode is in use, which corrects the vertical channel and the per-sample horizontal plane",25.895581426628627,True,True,2.6313664083740496,False,0,16.856931522658115,33.110156828423754,8.847158247801602,7,False,13.839586278766271,23.125945573708442,unsupported,False,0.41323059092665587,0.11278222580559953,0.030620456993745694,0.8370424134875445,0.036581726923687524,True,1.8419564858618345,3.9470496125610746,91,156.8855316676351,157.88198450244298,0.15332543611248775,0.08888888888888889,29.16908773968623,1.5000000000000124,False,True,0.9936886223089471,False,none,True,False,in band and consistent with the spectral estimate,91,5,0.4222222222222222,0.537,0.5039444444444444,0.9444444444444444,-0.11477777777777781,0.9444444444444444,0.5,0.20043196004993769,0.7440124843945067,True,0.865792759051186,2.133990707893347,0.2495019564012446,0.7746469402356169,2.2792059136655483,False
jog,9,12,50.0,4534,90.68,True,,0.0,0.68,90.0,1,1.0,tracking,vertical_only,"forward axis wanders 14 deg (p95) across windows (> 10): not a fixed horizontal frame | step-rate and stride-rate horizontal axes are 3 deg apart, not ~90 deg: mediolateral axis is unverified | NOTE (not a failure): vertical wanders 33 deg (p95) within the trial, so a trial-constant rotation would be invalid here; tracking mode is in use, which corrects the vertical channel and the per-sample horizontal plane",41.59037175858577,True,True,2.8169935599785223,False,0,14.491167330043542,33.46688055508473,14.254368205183377,21,False,2.645891687636171,87.83327640811441,unsupported,False,0.5784453949089889,0.06987566389415012,0.36968715554267884,0.8278119440356253,0.44658350028200267,True,1.9718954919849654,4.2254903399677834,250,167.0767166182062,169.01961359871135,0.13852489713868532,0.012048192771084338,25.375899163786702,1.3333333333333466,False,True,0.9885049022469191,False,none,True,False,in band and consistent with the spectral estimate,250,5,0.3413654618473896,0.5087550200803214,0.49941767068273096,0.26506024096385544,-0.16738955823293178,0.9839357429718876,0.1,0.38261108951936784,0.6013246534525197,True,0.9678714859437751,2.9250505120520236,0.02071207401002117,0.255750719518275,2.7704874502391608,False
jog,9,13,50.0,3414,68.28,True,,0.0,0.28,68.0,1,1.0,tracking,vertical_only,"forward axis wanders 81 deg (p95) across windows (> 10): not a fixed horizontal frame | step-rate and stride-rate horizontal axes are 2 deg apart, not ~90 deg: mediolateral axis is unverified | NOTE (not a failure): vertical wanders 34 deg (p95) within the trial, so a trial-constant rotation would be invalid here; tracking mode is in use, which corrects the vertical channel and the per-sample horizontal plane | forward sign (front vs back) is not resolved with confidence",8.30491780341228,True,False,2.762359717684879,False,0,16.82940164302724,33.559676253895134,80.53240663127511,16,False,1.6948201992482554,93.67053413933904,unsupported,False,0.5491748033390776,0.1633170668001649,0.37018747435490146,0.8690988128617818,0.4259440570813145,True,1.9336518023794151,4.143539576527319,185,164.4325290437891,165.74158306109274,0.136190149644394,0.010869565217391304,25.677688412272868,1.3513513513513542,False,True,0.9921018371302684,False,none,True,False,in band and consistent with the spectral estimate,185,5,0.5815217391304348,0.42701086956521744,0.50125,0.5217391304347826,0.15451086956521737,0.5815217391304348,0.0,0.06510869565217403,0.5164130434782608,True,0.516304347826087,1.694568692454313,0.05559570733379008,0.20019677570153188,2.871084437323869,False
jog,9,14,50.0,3896,77.92,True,,0.0,0.92,77.0,1,1.0,tracking,vertical_only,"forward axis wanders 13 deg (p95) across windows (> 10): not a fixed horizontal frame | step-rate and stride-rate horizontal axes are 35 deg apart, not ~90 deg: mediolateral axis is unverified | NOTE (not a failure): vertical wanders 27 deg (p95) within the trial, so a trial-constant rotation would be invalid here; tracking mode is in use, which corrects the vertical channel and the per-sample horizontal plane",62.02691102858863,True,True,2.6797985835018348,False,0,15.484174454716191,27.253081708546375,13.384595404983243,18,False,35.01214500008594,126.98148425133247,unsupported,False,0.4302649841156619,0.1821192670325539,0.16344154216808396,0.846678538644933,0.19303848474730922,True,1.8758590084512843,4.019697875252752,204,159.9264705882353,160.78791501011008,0.14243315960657282,0.034482758620689655,27.393345952242232,1.4444444444444358,False,True,0.9946423559144939,False,none,True,False,in band and consistent with the spectral estimate,204,5,0.4433497536945813,0.5850985221674877,0.5002955665024631,0.8719211822660099,-0.1417487684729064,0.9802955665024631,0.2,0.2695566502463054,0.7107389162561577,True,0.8916256157635468,3.4012123006397332,0.19202158772680433,1.472632576620868,1.62659816702396,False
jog,9,15,50.0,3974,79.48,True,,0.0,0.48,79.0,1,1.0,tracking,vertical_only,"forward axis wanders 37 deg (p95) across windows (> 10): not a fixed horizontal frame | step-rate and stride-rate horizontal axes are 9 deg apart, not ~90 deg: mediolateral axis is unverified | NOTE (not a failure): vertical wanders 38 deg (p95) within the trial, so a trial-constant rotation would be invalid here; tracking mode is in use, which corrects the vertical channel and the per-sample horizontal plane | forward sign (front vs back) is not resolved with confidence",12.619757028430092,True,False,2.790317947591219,False,0,16.47006317576656,38.26764718209291,36.71478518763562,18,False,9.314123983603201,11.69707489902725,unsupported,False,0.6448624626399337,0.09018171128322679,0.581574078438999,0.9042434483802665,0.6431609534807782,True,1.9532225633138534,4.185476921386829,218,166.32600919775166,167.41907685547315,0.10054684236257522,0.004608294930875576,18.17265656049499,1.33333333333334,False,True,0.9934710686604424,False,none,True,False,in band and consistent with the spectral estimate,218,5,0.8525345622119815,0.560184331797235,0.49942396313364057,0.7419354838709677,0.2923502304147465,0.9078341013824884,0.9,0.2196313364055299,0.6882027649769585,True,0.8248847926267281,2.501908212411823,0.1987344009497123,1.2597224925663149,3.47128349914001,False
jog,9,16,50.0,4814,96.28,True,,0.0,2.28,94.0,1,1.0,tracking,vertical_only,"horizontal axis not dominant (eigenvalue ratio 3.8 < 4.0) | forward axis wanders 17 deg (p95) across windows (> 10): not a fixed horizontal frame | step-rate and stride-rate horizontal axes are 12 deg apart, not ~90 deg: mediolateral axis is unverified | NOTE (not a failure): vertical wanders 31 deg (p95) within the trial, so a trial-constant rotation would be invalid here; tracking mode is in use, which corrects the vertical channel and the per-sample horizontal plane",3.8315356192171355,False,True,2.6040270088851973,False,0,19.60752077789153,30.539258336914976,17.14201575203676,22,False,11.834142724151386,50.42285009216567,unsupported,False,0.25874030010530924,0.6693534142426543,0.21333618274267563,0.7865147636872303,0.2712424389118169,True,1.822818906219638,3.9060405133277962,245,156.34344297308843,156.24162053311184,0.13425513292812058,0.01639344262295082,24.09226826142682,1.7297297297297287,False,True,1.000651698565524,False,none,True,False,in band and consistent with the spectral estimate,245,5,0.26639344262295084,0.4788319672131148,0.5001024590163934,0.3292181069958848,-0.21243852459016394,0.9221311475409836,0.3,0.341364096336774,0.5807670512042096,True,0.8357113944545638,1.2490375604652502,0.12310314645014563,0.5270471003139791,2.4902175197122935,False
jog,9,17,50.0,3377,67.54,True,,34.0,0.54,33.0,2,0.5076923076923077,tracking,vertical_only,"step-rate and stride-rate horizontal axes are 12 deg apart, not ~90 deg: mediolateral axis is unverified | NOTE (not a failure): vertical wanders 30 deg (p95) within the trial, so a trial-constant rotation would be invalid here; tracking mode is in use, which corrects the vertical channel and the per-sample horizontal plane | forward sign (front vs back) is not resolved with confidence",37.41724723237992,True,False,2.824491906119531,False,0,17.147408811078922,29.979061001364204,8.345527299388044,7,False,12.15745497700738,57.71670974454695,unsupported,False,0.5006939079458144,0.25586175764841423,0.33818778837133895,0.9171501376369047,0.3687376520955459,True,1.9771443342836716,4.236737859179296,92,168.51851851851856,169.46951436717185,0.13765016879083633,0.01098901098901099,25.96433470507589,1.157894736842113,False,True,0.9943883957406471,False,none,True,False,in band and consistent with the spectral estimate,92,5,0.5164835164835165,0.623131868131868,0.5043956043956044,0.10989010989010989,-0.10664835164835151,1.0,0.1,0.21127960927960932,0.7887203907203907,True,1.0,3.6116125861230857,0.11975454066350039,3.758285736325615,3.4716699952555565,False
jog,9,18,50.0,4856,97.12,True,,0.0,0.12,97.0,1,1.0,tracking,vertical_only,"forward axis wanders 29 deg (p95) across windows (> 10): not a fixed horizontal frame | step-rate and stride-rate horizontal axes are 29 deg apart, not ~90 deg: mediolateral axis is unverified | NOTE (not a failure): vertical wanders 25 deg (p95) within the trial, so a trial-constant rotation would be invalid here; tracking mode is in use, which corrects the vertical channel and the per-sample horizontal plane | forward sign (front vs back) is not resolved with confidence",4.882995255681694,True,False,3.032057262502796,False,0,11.762769954058182,25.45794888769513,28.890103207984655,23,False,29.251513599396855,7.733365645124343,unsupported,False,0.6603610568488549,0.056601935423668745,0.7066173358218919,0.8927494950410633,0.7915068445817379,True,2.122440083751957,4.548085893754194,293,181.1789038262668,181.92343575016776,0.06907684109086999,0.003424657534246575,10.382626680455045,1.4374999999999696,False,True,0.9959074435856444,False,none,True,False,in band and consistent with the spectral estimate,293,5,0.726027397260274,0.7382020547945206,0.49948630136986294,0.9554794520547946,-0.012174657534246625,0.9862542955326461,0.7,0.14935178647083747,0.8369025090618086,True,0.7122816927929201,1.1864433405410173,0.5995845469754152,58.79092969417015,1.988305954290532,False
jog,9,19,50.0,5214,104.28,True,,1.0,52.28,51.0,3,0.5257731958762887,tracking,vertical_only,"stride-rate horizontal axis is undetermined (eigenvalue ratio 1.6 < 4.0): mediolateral axis cannot be verified | NOTE (not a failure): vertical wanders 16 deg (p95) within the trial, so a trial-constant rotation would be invalid here; tracking mode is in use, which corrects the vertical channel and the per-sample horizontal plane",13.913391392993486,True,True,2.6898102445162504,False,0,8.69952562877725,16.03838615575714,8.70447998428587,11,False,45.40187175264064,1.5903623614448295,stride_axis_undetermined,False,0.6771510324834048,0.09214059055166991,0.5450692132806483,0.873227092015906,0.6242009876518121,True,1.8828671711613751,4.034715366774376,135,160.8643457382953,161.38861467097502,0.08988293420253964,0.0,16.246498599439786,1.243243243243248,False,True,0.996751512281405,False,none,True,False,in band and consistent with the spectral estimate,135,5,0.21641791044776118,0.45365671641791044,0.5021268656716418,0.6417910447761194,-0.23723880597014926,0.9477611940298507,0.6,0.3392537313432835,0.6085074626865672,True,0.9029850746268656,1.0457302888818463,0.09432514634729855,0.33547680776898103,2.42292393586506,False
jog,9,20,50.0,4143,82.86,True,,0.0,0.86,82.0,1,1.0,tracking,vertical_only,"forward axis wanders 76 deg (p95) across windows (> 10): not a fixed horizontal frame | step-rate and stride-rate horizontal axes are 12 deg apart, not ~90 deg: mediolateral axis is unverified | NOTE (not a failure): vertical wanders 28 deg (p95) within the trial, so a trial-constant rotation would be invalid here; tracking mode is in use, which corrects the vertical channel and the per-sample horizontal plane",8.377669371662973,True,True,2.8925034248267987,False,0,14.322686503754902,28.3286968992343,76.06625504747815,19,False,11.948578694294314,11.095644186767313,unsupported,False,0.8048234624247681,0.020666270112368015,0.7335983504337676,0.8789149576849067,0.834663631582846,True,2.024752397378759,4.338755137240198,236,172.4981649131392,173.55020548960792,0.07557587886849036,0.00851063829787234,12.138759753146816,1.4117647058823295,False,True,0.9939381196726286,False,none,True,False,in band and consistent with the spectral estimate,236,5,0.5787234042553191,0.7017659574468085,0.5,0.9829059829059829,-0.12304255319148938,0.9829059829059829,0.2,0.2002374977268594,0.7826684851791235,True,0.846153846153846,2.1789253340808514,0.07401261388201326,3.443362293592659,2.271452053746657,False
jog,9,21,50.0,5535,110.7,True,,55.0,0.7,55.0,2,0.5092592592592593,tracking,vertical_only,"forward axis wanders 45 deg (p95) across windows (> 10): not a fixed horizontal frame | step-rate and stride-rate horizontal axes are 17 deg apart, not ~90 deg: mediolateral axis is unverified | NOTE (not a failure): vertical wanders 29 deg (p95) within the trial, so a trial-constant rotation would be invalid here; tracking mode is in use, which corrects the vertical channel and the per-sample horizontal plane",31.692034302294957,True,True,2.6333953276488855,False,0,16.5089851150042,29.35590531843075,45.22965591021645,12,False,16.996784609113288,7.459854177177402,unsupported,False,0.7002183719488816,0.08177446408967705,0.7015431322682001,0.8714145567590157,0.8050624433879034,True,1.8433767293542198,3.950092991473328,144,157.7205882352941,158.00371965893314,0.08165241707710647,0.006993006993006993,14.513256006629117,1.2631578947368678,False,True,0.9982080711501589,False,none,True,False,in band and consistent with the spectral estimate,144,5,0.09090909090909091,0.6655944055944056,0.503041958041958,1.0,-0.5746853146853147,1.0,0.5,0.19858169999015063,0.8014183000098494,True,0.9436619718309859,2.6311873264873493,0.3269167176609889,2.6827795237513126,2.539507640538249,False
jog,9,22,50.0,4813,96.26,True,,0.0,0.26,96.0,1,1.0,tracking,vertical_only,"forward axis wanders 11 deg (p95) across windows (> 10): not a fixed horizontal frame | step-rate and stride-rate horizontal axes are 14 deg apart, not ~90 deg: mediolateral axis is unverified | NOTE (not a failure): vertical wanders 27 deg (p95) within the trial, so a trial-constant rotation would be invalid here; tracking mode is in use, which corrects the vertical channel and the per-sample horizontal plane",18.5962504065568,True,True,2.79760929911315,False,0,12.979101597261405,26.794767310935676,10.974227582685254,23,False,14.172837529241638,70.34587115745687,unsupported,False,0.4987909742711755,0.15271563286792614,0.2409920178639505,0.9086484692936424,0.26522029806674396,True,1.9583265093792048,4.196413948669725,267,167.50629722921914,167.856557946789,0.1349495552334772,0.0,25.860621326616112,1.2222222222222496,False,True,0.9979133331348252,False,none,True,False,in band and consistent with the spectral estimate,267,5,0.23308270676691728,0.5643045112781955,0.49951127819548874,0.23308270676691728,-0.3312218045112782,0.8947368421052632,0.9,0.24383458646616551,0.6509022556390976,True,0.8571428571428572,1.7733092786994886,0.040710509326619806,2.663602346693876,1.5826102878939055,False
jog,9,23,50.0,4815,96.3,True,,0.0,0.3,96.0,1,1.0,tracking,vertical_only,"forward axis wanders 28 deg (p95) across windows (> 10): not a fixed horizontal frame | step-rate and stride-rate horizontal axes are 56 deg apart, not ~90 deg: mediolateral axis is unverified | NOTE (not a failure): vertical wanders 33 deg (p95) within the trial, so a trial-constant rotation would be invalid here; tracking mode is in use, which corrects the vertical channel and the per-sample horizontal plane",8.622120835875865,True,True,2.8851966492778742,False,0,16.916531814375173,33.02712173019177,28.274680865393478,23,False,55.58364431348071,30.404802968574966,unsupported,False,0.52438552440335,0.21513278683427925,0.6558308402002012,0.8755802604780234,0.749024241183955,True,2.019637654494512,4.327794973916811,277,173.47580138277812,173.11179895667246,0.08827661371967888,0.0036231884057971015,15.79719254137851,1.2941176470588038,False,True,1.0021027014235855,False,none,True,False,in band and consistent with the spectral estimate,277,5,0.6992753623188406,0.6592934782608695,0.4996014492753623,0.9854545454545455,0.039981884057971095,0.9927536231884058,0.3,0.19559025032938082,0.7971633728590249,True,0.9854808959156784,2.3487482106155495,0.39918194413588687,2.3932143187774892,2.4301375334317514,False
jog,9,24,50.0,2843,56.86,True,,0.0,0.86,56.0,1,1.0,tracking,vertical_only,"horizontal axis not dominant (eigenvalue ratio 3.3 < 4.0) | forward axis wanders 34 deg (p95) across windows (> 10): not a fixed horizontal frame | step-rate and stride-rate horizontal axes are 47 deg apart, not ~90 deg: mediolateral axis is unverified | NOTE (not a failure): vertical wanders 37 deg (p95) within the trial, so a trial-constant rotation would be invalid here; tracking mode is in use, which corrects the vertical channel and the per-sample horizontal plane",3.260440488965448,False,True,2.922165746646896,False,0,21.022649154976268,36.763380890879745,33.91598608270834,13,False,47.422043653288455,45.31458697015589,unsupported,False,0.4316096180851348,0.0436923113722196,0.08510539617381294,0.8502987998560044,0.10008881135457945,True,2.0455160226528273,4.3832486199703435,163,175.70498915401302,175.32994479881376,0.1565282981629382,0.3271604938271605,29.356471438901245,1.3548387096774148,False,True,1.0021390775867158,False,none,True,False,in band and consistent with the spectral estimate,163,5,0.6975308641975309,0.4933333333333333,0.5028395061728395,0.4876543209876543,0.20419753086419756,0.6975308641975309,0.0,0.0930864197530864,0.6044444444444445,False,0.537037037037037,3.1699938560788055,0.07746600897918615,0.37361031100803177,2.327035485951443,False
jog,16,1,50.0,1567,31.34,True,,0.0,0.34,31.0,1,1.0,tracking,vertical_only,"forward axis wanders 23 deg (p95) across windows (> 10): not a fixed horizontal frame | step-rate and stride-rate horizontal axes are 9 deg apart, not ~90 deg: mediolateral axis is unverified | NOTE (not a failure): vertical wanders 31 deg (p95) within the trial, so a trial-constant rotation would be invalid here; tracking mode is in use, which corrects the vertical channel and the per-sample horizontal plane | forward sign (front vs back) is not resolved with confidence",6.957238400049506,True,False,2.7701847209064,False,0,18.338936134194505,31.003710420793805,22.641912263907013,6,False,8.686143621627766,120.9303844859789,unsupported,False,0.42842323043373964,0.20864602006540264,0.1340164848248607,0.8580615471800909,0.1561851655808242,True,1.9391293046344797,4.1552770813596,85,163.63636363636363,166.211083254384,0.1752043839380788,0.03571428571428571,29.870129870129887,1.513513513513523,False,True,0.9845093385614978,False,none,True,False,in band and consistent with the spectral estimate,85,5,0.27380952380952384,0.5618452380952381,0.5042261904761905,0.963855421686747,-0.2880357142857143,0.963855421686747,0.5,0.20143717728055077,0.7624182444061962,True,0.7951807228915663,2.621805583706467,0.29950375018067865,0.717895128216935,1.7203697550650128,False
jog,16,2,50.0,1452,29.04,True,,0.0,0.04,29.0,1,1.0,tracking,vertical_only,"step-rate and stride-rate horizontal axes are 33 deg apart, not ~90 deg: mediolateral axis is unverified | NOTE (not a failure): vertical wanders 29 deg (p95) within the trial, so a trial-constant rotation would be invalid here; tracking mode is in use, which corrects the vertical channel and the per-sample horizontal plane",17.275112926830275,True,True,2.70317483844654,False,0,16.56644427043009,29.431523426983244,8.431645917109865,6,False,32.76060758164728,26.006313052141948,unsupported,False,0.4700450495167448,0.2261996489287169,0.26733948659775364,0.9035494478124322,0.2958769851998744,True,1.8922223869125778,4.05476225766981,78,162.21910112359552,162.19049030679238,0.1376870191797311,0.0,26.46732702542874,1.1578947368421117,False,True,1.0001764025544841,False,none,True,False,in band and consistent with the spectral estimate,78,5,0.974025974025974,0.7051948051948053,0.5039610389610388,0.5064935064935064,0.26883116883116875,1.0,0.1,0.08881749829118246,0.9111825017088175,False,0.631578947368421,2.0968854343139496,0.37029713669632625,12.090005245397297,3.3906692083036707,False
jog,16,3,50.0,1216,24.32,True,,0.0,0.32,24.0,1,1.0,tracking,vertical_only,"forward axis wanders 10 deg (p95) across windows (> 10): not a fixed horizontal frame | stride-rate horizontal axis is undetermined (eigenvalue ratio 2.6 < 4.0): mediolateral axis cannot be verified | NOTE (not a failure): vertical wanders 22 deg (p95) within the trial, so a trial-constant rotation would be invalid here; tracking mode is in use, which corrects the vertical channel and the per-sample horizontal plane",100.89113280744452,True,True,2.846191001194456,False,0,9.281300825299109,21.99202556245067,10.274645095333192,5,False,49.672869680567445,2.6132115963949603,stride_axis_undetermined,False,0.6197642087302596,0.06549207962178882,0.47456026368124005,0.8128036816900744,0.5838559474712024,True,1.9923337008361188,4.269286501791684,67,168.3673469387755,170.77146007166735,0.10426987112904276,0.030303030303030304,18.0272108843537,1.314285714285713,False,True,0.9859220438129246,False,none,True,False,in band and consistent with the spectral estimate,67,5,0.45454545454545453,0.3900757575757576,0.5053787878787879,0.12121212121212122,0.06446969696969695,0.7272727272727273,0.1,0.19461072261072265,0.5326620046620046,True,0.7272727272727273,1.107961825466865,0.09262030656162713,0.37633971441632524,1.3735205774047967,False
jog,16,4,50.0,921,18.42,True,,0.0,0.42,18.0,1,1.0,tracking,vertical_only,"forward axis wanders 19 deg (p95) across windows (> 10): not a fixed horizontal frame | step-rate and stride-rate horizontal axes are 37 deg apart, not ~90 deg: mediolateral axis is unverified | NOTE (not a failure): vertical wanders 34 deg (p95) within the trial, so a trial-constant rotation would be invalid here; tracking mode is in use, which corrects the vertical channel and the per-sample horizontal plane",28.586433401372737,True,True,2.5375592137313467,False,0,14.785784331828943,34.263224206482256,19.279589603983272,3,False,36.679775639599754,12.905862044758598,unsupported,False,0.6469545382870288,0.025103175996545324,0.43703719566341465,0.8157470606514967,0.5357508678172554,True,1.7762914496119426,3.80633882059702,45,151.7241379310345,152.2535528238808,0.11353156988382293,0.022727272727272728,21.149425287356276,1.2631578947368391,False,True,0.9965228076256539,False,none,True,False,in band and consistent with the spectral estimate,45,5,0.4318181818181818,0.571590909090909,0.5051136363636364,0.7272727272727273,-0.13977272727272722,0.9545454545454546,0.1,0.18093023255813934,0.7736152219873152,True,0.8615221987315012,3.2949250577442846,0.036963679637477584,0.8916953966209212,2.5984866032295573,False
jog,16,5,50.0,765,15.3,True,,0.0,0.3,15.0,1,1.0,tracking,vertical_only,"step-rate and stride-rate horizontal axes are 42 deg apart, not ~90 deg: mediolateral axis is unverified | NOTE (not a failure): vertical wanders 24 deg (p95) within the trial, so a trial-constant rotation would be invalid here; tracking mode is in use, which corrects the vertical channel and the per-sample horizontal plane | forward sign (front vs back) is not resolved with confidence",22.83908870561862,True,False,2.8389032447705356,False,0,13.127559582533717,24.44391649882042,1.0474885242049479,2,False,41.60640653375235,5.419537942993959,unsupported,False,0.6674895631165007,0.04897855852093459,0.6063922774136448,0.7185124830667452,0.8439551040581084,True,1.9872322713393749,4.258354867155804,43,173.3149931224209,170.33419468623214,0.07718837879833908,0.023809523809523808,10.729023383768817,1.2941176470588227,False,True,1.0174997066307185,False,none,True,False,in band and consistent with the spectral estimate,43,5,0.8571428571428571,0.5123809523809524,0.5067857142857143,0.4634146341463415,0.3447619047619047,0.8571428571428571,0.0,0.2043786295005806,0.6527642276422765,True,0.3937282229965156,1.4171717506319732,0.31224095321566353,4.985684676349974,4.5025127269359855,False
jog,16,6,50.0,929,18.58,True,,8.0,0.58,10.0,2,0.5882352941176471,tracking,vertical_only,"step-rate and stride-rate horizontal axes are 8 deg apart, not ~90 deg: mediolateral axis is unverified | NOTE (not a failure): vertical wanders 24 deg (p95) within the trial, so a trial-constant rotation would be invalid here; tracking mode is in use, which corrects the vertical channel and the per-sample horizontal plane | forward sign (front vs back) is not resolved with confidence",15.309448501301585,True,False,2.5575958933476493,False,0,14.27572219692967,24.175591281003314,2.679505833732389,1,False,7.85381147813247,22.71766118724485,unsupported,False,0.6284315747256765,0.15554442394734025,0.5197415339648911,0.8508377708793586,0.6108585581805182,True,1.7903171253433543,3.836393840021474,25,152.2198731501057,153.45575360085894,0.10092784999813956,0.0,19.027484143763218,1.2105263157894735,False,True,0.9919463400898751,False,none,True,False,in band and consistent with the spectral estimate,25,5,0.4166666666666667,0.5885416666666667,0.5002083333333333,0.8333333333333334,-0.17187500000000006,0.9166666666666666,0.1,0.09666666666666668,0.82,False,0.9166666666666666,2.087090036483369,0.27260102559641547,4.571429689885095,1.8583012203850686,False
jog,16,7,50.0,1350,27.0,True,,0.0,13.0,14.0,2,0.56,tracking,vertical_only,"step-rate and stride-rate horizontal axes are 18 deg apart, not ~90 deg: mediolateral axis is unverified | NOTE (not a failure): vertical wanders 22 deg (p95) within the trial, so a trial-constant rotation would be invalid here; tracking mode is in use, which corrects the vertical channel and the per-sample horizontal plane",7.896258779620767,True,True,2.681932680134464,False,0,11.776363348344088,22.380146512522117,9.026163953250911,2,False,17.812920757325283,12.393437369179333,unsupported,False,0.662053368269984,0.01388147978989018,0.4481770648634799,0.8064541068629996,0.5557378418058155,True,1.8773528760941247,4.022899020201696,36,161.29032258064515,160.91596080806784,0.10377478189895248,0.0,18.026565464895622,1.2222222222222254,False,True,1.0023264427636476,False,none,True,False,in band and consistent with the spectral estimate,36,5,0.14285714285714285,0.5908571428571429,0.5009999999999999,0.6,-0.448,0.9142857142857143,0.3,0.14057142857142857,0.7737142857142857,True,0.7999999999999999,1.2223710232715104,0.14934009139237314,1.3141445741409852,1.5184526739470598,False
jog,16,8,50.0,1952,39.04,True,,1.0,1.04,37.0,1,1.0,tracking,vertical_only,"step-rate and stride-rate horizontal axes are 44 deg apart, not ~90 deg: mediolateral axis is unverified | NOTE (not a failure): vertical wanders 18 deg (p95) within the trial, so a trial-constant rotation would be invalid here; tracking mode is in use, which corrects the vertical channel and the per-sample horizontal plane",89.47638592790364,True,True,2.622039140589632,False,0,7.470150856396256,17.95253419493587,7.231862067211507,8,False,43.977310761630875,4.921121896818341,unsupported,False,0.8167523235342031,0.013694526595066994,0.7958678724304707,0.8826404947430074,0.9016897334426043,True,1.8354273984127423,3.933058710884448,95,155.11551155115512,157.3223484353779,0.10733826990231417,0.010638297872340425,11.661166116611627,1.8947368421052562,False,True,0.9859725149912235,False,none,True,False,in band and consistent with the spectral estimate,95,5,0.8404255319148937,0.5495744680851063,0.504095744680851,0.7021276595744681,0.2908510638297873,0.9247311827956989,0.9,0.22288721116449328,0.7018439716312056,True,0.37153969343399673,0.8799094248179755,0.4777178215666846,13.210633407839827,2.481564309360344,False
jog,16,9,50.0,1072,21.44,True,,0.0,0.44,21.0,1,1.0,tracking,vertical_only,"forward axis wanders 29 deg (p95) across windows (> 10): not a fixed horizontal frame | step-rate and stride-rate horizontal axes are 47 deg apart, not ~90 deg: mediolateral axis is unverified | NOTE (not a failure): vertical wanders 34 deg (p95) within the trial, so a trial-constant rotation would be invalid here; tracking mode is in use, which corrects the vertical channel and the per-sample horizontal plane | forward sign (front vs back) is not resolved with confidence",5.631877203047042,True,False,2.584795932256571,False,0,15.365643497745149,33.549563981912655,29.405991224950075,4,False,47.057978750475634,57.639093789822155,unsupported,False,0.41130775821948123,0.11282724503715665,0.034805831522734816,0.6490895809974303,0.05362253923295159,True,1.8093571525795995,3.8771938983848564,55,157.43440233236154,155.08775593539426,0.13527822458449143,0.018518518518518517,24.68415937803679,1.315789473684214,False,True,1.0151310874466766,False,none,True,False,in band and consistent with the spectral estimate,55,5,0.5740740740740741,0.6465740740740741,0.5027777777777778,0.660377358490566,-0.07250000000000001,0.9629629629629629,0.1,0.15577218728162112,0.8071907756813418,True,0.5667365478686233,3.421549028769759,0.2849136160605838,3.7511695448193607,1.969613129457353,False
jog,16,10,50.0,1453,29.06,True,,12.0,2.06,15.0,2,0.5769230769230769,tracking,vertical_only,"step-rate and stride-rate horizontal axes are 0 deg apart, not ~90 deg: mediolateral axis is unverified | NOTE (not a failure): vertical wanders 20 deg (p95) within the trial, so a trial-constant rotation would be invalid here; tracking mode is in use, which corrects the vertical channel and the per-sample horizontal plane",7.043133528068526,True,True,3.079305979474823,False,0,10.279932450245049,19.801886947093198,2.3660547934846035,2,False,0.2737082238871998,33.96471362447803,unsupported,False,0.6288857188750486,0.24121013779735173,0.6889502152021801,0.7422096113275575,0.9282421093549104,True,2.1555141856323763,4.618958969212235,44,181.69014084507046,184.7583587684894,0.07877257157244864,0.046511627906976744,11.535881958417265,1.2500000000000056,False,True,0.983393347159662,False,none,True,False,in band and consistent with the spectral estimate,44,5,0.32558139534883723,0.45162790697674426,0.5053488372093022,0.20930232558139536,-0.12604651162790703,0.7441860465116279,0.1,0.09872646733111845,0.6454595791805094,False,0.7209302325581395,2.1759174670029564,0.034028929467853956,0.12521405641715283,2.2583081605188697,False
jog,16,11,50.0,985,19.7,True,,9.0,0.7,10.0,2,0.5555555555555556,tracking,vertical_only,"step-rate and stride-rate horizontal axes are 51 deg apart, not ~90 deg: mediolateral axis is unverified | NOTE (not a failure): vertical wanders 30 deg (p95) within the trial, so a trial-constant rotation would be invalid here; tracking mode is in use, which corrects the vertical channel and the per-sample horizontal plane",108.2895041122769,True,True,2.6697765917304674,False,0,17.84899463046899,30.363084598487195,1.0019505590453492,1,False,51.05882630633473,73.31035584760298,unsupported,False,0.4163904409865569,0.1156502052443627,0.062266223702467274,0.8001657462616069,0.07781665735302534,True,1.8688436142113272,4.004664887595701,27,160.8247422680413,160.18659550382804,0.1417891236862197,0.0,27.628865979381327,1.2222222222222276,False,True,1.0039837713149848,False,none,True,False,in band and consistent with the spectral estimate,27,5,0.4230769230769231,0.6511538461538461,0.5003846153846153,1.0,-0.228076923076923,1.0,0.1,0.12255384615384612,0.8774461538461539,True,1.0,2.5668700056786924,0.4634280778529461,2.1681039644641094,2.1609986931727527,False
jog,16,12,50.0,1244,24.88,True,,0.0,0.88,24.0,1,1.0,tracking,vertical_only,"forward axis wanders 10 deg (p95) across windows (> 10): not a fixed horizontal frame | step-rate and stride-rate horizontal axes are 3 deg apart, not ~90 deg: mediolateral axis is unverified | NOTE (not a failure): vertical wanders 32 deg (p95) within the trial, so a trial-constant rotation would be invalid here; tracking mode is in use, which corrects the vertical channel and the per-sample horizontal plane",53.611247946862505,True,True,2.8144929570985844,False,0,14.447269061054582,32.31273254119997,10.441838166636348,5,False,3.2229806409623314,94.89236401690094,unsupported,False,0.590096190069065,0.06716536951025086,0.4066406420478312,0.7766437543807283,0.5235870883582574,True,1.9701450699690088,4.221739435647876,66,166.24040920716112,168.86957742591505,0.1413376151370652,0.03076923076923077,25.80189684569483,1.2777777777777821,False,True,0.9844307763492369,False,none,True,False,in band and consistent with the spectral estimate,66,5,0.46153846153846156,0.49238461538461537,0.5047692307692307,0.27692307692307694,-0.0308461538461538,0.9384615384615385,0.2,0.30436057692307683,0.6341009615384616,True,0.9076923076923077,2.929878284944964,0.014883878171572032,0.1703809163083738,1.7919754887491026,False
jog,16,13,50.0,1029,20.58,True,,0.0,0.58,20.0,1,1.0,tracking,vertical_only,"forward axis wanders 54 deg (p95) across windows (> 10): not a fixed horizontal frame | step-rate and stride-rate horizontal axes are 60 deg apart, not ~90 deg: mediolateral axis is unverified | NOTE (not a failure): vertical wanders 31 deg (p95) within the trial, so a trial-constant rotation would be invalid here; tracking mode is in use, which corrects the vertical channel and the per-sample horizontal plane",12.800598085128934,True,True,2.806785825885265,False,0,21.179419608861124,31.400246007858282,53.6854399681414,4,False,59.64137121323885,20.554678924280974,unsupported,False,0.5079038347896174,0.1372777203944426,0.3169348903535997,0.7559630748417803,0.41924652261611156,True,1.9647500781196854,4.2101787388278975,55,164.80162767039675,168.40714955311591,0.15587188308725167,0.05555555555555555,29.501525940996995,1.3333333333333366,False,True,0.9785904464728086,False,none,True,False,in band and consistent with the spectral estimate,55,5,0.5925925925925926,0.5310185185185184,0.5027777777777778,0.6851851851851852,0.061574074074074114,0.8333333333333334,0.1,0.10906359189378056,0.7242697414395528,True,0.550314465408805,1.8394618311662774,0.30633259487329956,1.9973321549013918,3.540768708454184,False
jog,16,14,50.0,1237,24.74,True,,0.0,0.74,24.0,1,1.0,tracking,vertical_only,"forward axis wanders 12 deg (p95) across windows (> 10): not a fixed horizontal frame | step-rate and stride-rate horizontal axes are 22 deg apart, not ~90 deg: mediolateral axis is unverified | NOTE (not a failure): vertical wanders 29 deg (p95) within the trial, so a trial-constant rotation would be invalid here; tracking mode is in use, which corrects the vertical channel and the per-sample horizontal plane",43.855229916850185,True,True,2.658636551060692,False,0,15.891786885426459,28.754175923060092,12.30673661304626,5,False,21.610402621400823,299.47538899388974,unsupported,False,0.4918817177675715,0.1669250523412761,0.2762063800380015,0.7736814156380089,0.357002733237725,True,1.8610455857424844,3.9879548265910385,64,158.69017632241813,159.51819306364152,0.14377554854237118,0.047619047619047616,27.472170309579887,1.388888888888891,False,True,0.9948092645401704,False,none,True,False,in band and consistent with the spectral estimate,64,5,0.2698412698412698,0.5513492063492064,0.5057142857142857,0.22580645161290322,-0.28150793650793654,0.9682539682539683,0.1,0.22669738863287237,0.7415565796210959,True,0.8714797747055811,2.446194910977657,0.18071688747177567,1.065407416992325,2.273279986192269,False
jog,16,15,50.0,1178,23.56,True,,0.0,0.56,23.0,1,1.0,tracking,vertical_only,"horizontal axis not dominant (eigenvalue ratio 3.9 < 4.0) | forward axis wanders 36 deg (p95) across windows (> 10): not a fixed horizontal frame | step-rate and stride-rate horizontal axes are 7 deg apart, not ~90 deg: mediolateral axis is unverified | NOTE (not a failure): vertical wanders 36 deg (p95) within the trial, so a trial-constant rotation would be invalid here; tracking mode is in use, which corrects the vertical channel and the per-sample horizontal plane",3.8922904595532057,False,True,2.8796442030253604,False,0,18.9596734808009,36.309607866593716,35.65989121271436,4,False,7.090590318652308,18.87561771575705,unsupported,False,0.5770832759897433,0.16842761742647006,0.4434422488517933,0.6980196901744229,0.6352861603961126,True,2.015750942117752,4.31946630453804,64,168.59946476360392,172.77865218152164,0.16366821473587875,0.031746031746031744,6.34514114701737,1.9411764705882366,False,True,0.9758118994149402,False,none,True,False,in band and consistent with the spectral estimate,64,5,0.7301587301587301,0.5457142857142857,0.5057142857142857,0.5555555555555556,0.1844444444444444,0.7301587301587301,0.0,0.031705069124423946,0.6984536610343062,False,0.6190476190476191,3.0577226986420536,0.20065972154395637,2.013392794588972,2.5041845497240933,False
jog,16,16,50.0,1699,33.98,True,,0.0,18.98,15.0,3,0.4838709677419355,tracking,vertical_only,"horizontal axis not dominant (eigenvalue ratio 2.9 < 4.0) | step-rate and stride-rate horizontal axes are 8 deg apart, not ~90 deg: mediolateral axis is unverified | NOTE (not a failure): vertical wanders 26 deg (p95) within the trial, so a trial-constant rotation would be invalid here; tracking mode is in use, which corrects the vertical channel and the per-sample horizontal plane",2.9326534043270116,False,True,2.599702592916475,False,0,14.567367728778459,25.99311209415519,9.505296919531936,2,False,8.10539294741426,110.43657267717816,unsupported,False,0.2808774007292626,0.5886619405597361,0.22401009508793512,0.6658052521240158,0.33644987685709943,True,1.8197918150415324,3.8995538893747126,38,157.22379603399435,155.98215557498852,0.13257063973708283,0.08108108108108109,24.748190116461988,1.3333333333333326,False,True,1.0079601442513013,False,none,True,False,in band and consistent with the spectral estimate,38,5,0.4864864864864865,0.5101351351351352,0.5043243243243244,0.3783783783783784,-0.023648648648648685,0.8648648648648649,0.3,0.15513513513513522,0.7097297297297297,True,0.6486486486486487,1.2406833335011462,0.17377446299779475,0.9147285486825878,2.785406900655959,False
jog,16,17,50.0,960,19.2,True,,9.0,0.2,10.0,2,0.5555555555555556,tracking,vertical_only,"step-rate and stride-rate horizontal axes are 15 deg apart, not ~90 deg: mediolateral axis is unverified | NOTE (not a failure): vertical wanders 31 deg (p95) within the trial, so a trial-constant rotation would be invalid here; tracking mode is in use, which corrects the vertical channel and the per-sample horizontal plane",9.060073788623047,True,True,2.772215364441426,False,0,17.53167230309173,30.895094950957507,0.9848855777380487,1,False,15.252105775946747,35.55072248472981,unsupported,False,0.5507019768828444,0.22433975631779987,0.4491017767012473,0.8668204194821285,0.518102442683062,True,1.940550755108998,4.158323046662139,26,167.0378619153675,166.33292186648555,0.12247418338412029,0.0,21.807720861172974,1.1666666666666674,False,True,1.004238127010405,False,none,True,False,in band and consistent with the spectral estimate,26,5,0.68,0.5714,0.4984,0.12,0.10860000000000003,1.0,0.1,0.10539999999999994,0.8946000000000001,False,0.9583333333333334,3.640061613024437,0.10038638156004151,2.293430991785516,2.6799098962404386,False
jog,16,18,50.0,1262,25.24,True,,0.0,0.24,25.0,1,1.0,tracking,vertical_only,"forward axis wanders 25 deg (p95) across windows (> 10): not a fixed horizontal frame | step-rate and stride-rate horizontal axes are 40 deg apart, not ~90 deg: mediolateral axis is unverified | NOTE (not a failure): vertical wanders 21 deg (p95) within the trial, so a trial-constant rotation would be invalid here; tracking mode is in use, which corrects the vertical channel and the per-sample horizontal plane",5.5108184171799754,True,True,3.01852720813924,False,0,9.63773770522608,21.45023080719718,24.783314390240132,5,False,39.64779090088715,6.574812637543217,unsupported,False,0.6735976222391294,0.062053689964126295,0.6758867961472975,0.8101255977915435,0.83429877785594,True,2.1129690456974677,4.52779081220886,75,181.22448979591837,181.1116324883544,0.07637344405682732,0.0,12.571428571428662,1.25,False,True,1.0006231367141547,False,none,True,False,in band and consistent with the spectral estimate,75,5,0.5945945945945946,0.5446621621621621,0.5027027027027028,0.6486486486486487,0.049932432432432505,0.9178082191780822,0.7,0.23605331358756032,0.6817549055905219,True,0.5394298407997038,1.17772132100304,0.4498886438285857,25.695439291009233,1.7773801888519412,False
jog,16,19,50.0,1207,24.14,True,,0.0,0.14,24.0,1,1.0,tracking,vertical_only,"stride-rate horizontal axis is undetermined (eigenvalue ratio 2.6 < 4.0): mediolateral axis cannot be verified | NOTE (not a failure): vertical wanders 13 deg (p95) within the trial, so a trial-constant rotation would be invalid here; tracking mode is in use, which corrects the vertical channel and the per-sample horizontal plane",29.446829388065556,True,True,2.7351054398231196,False,0,5.810607327949143,12.736587175746854,5.586456424356766,5,False,54.11171761844069,2.612685899684677,stride_axis_undetermined,False,0.619509700326707,0.11109101872456512,0.4690968479612115,0.7935244466580618,0.5911561388396019,True,1.9145738078761836,4.10265815973468,64,162.93103448275863,164.10632638938716,0.08902296995465937,0.015873015873015872,15.592324805339313,1.2777777777777821,False,True,0.9928382291378589,False,none,True,False,in band and consistent with the spectral estimate,64,5,0.30158730158730157,0.42412698412698413,0.5057142857142857,0.6190476190476191,-0.12253968253968256,0.9365079365079365,0.6,0.3666666666666666,0.5698412698412699,True,0.8571428571428572,1.2163750038910015,0.12333679854129168,0.4356905524809129,1.712094108051606,False
jog,16,20,50.0,1385,27.7,True,,12.0,0.7,15.0,2,0.5769230769230769,tracking,vertical_only,"step-rate and stride-rate horizontal axes are 33 deg apart, not ~90 deg: mediolateral axis is unverified | NOTE (not a failure): vertical wanders 21 deg (p95) within the trial, so a trial-constant rotation would be invalid here; tracking mode is in use, which corrects the vertical channel and the per-sample horizontal plane",11.322280357883795,True,True,2.852659175508415,False,0,12.42752258042729,20.512372475943845,8.261137694498979,2,False,33.43357609017549,218.42711264973636,unsupported,False,0.8044693634364728,0.028943073681920412,0.7306942650884798,0.8623077804830984,0.8473706043555775,True,1.9968614228558903,4.278988763262623,42,169.88950276243096,171.1595505305049,0.07251052347186014,0.0,12.741712707182286,1.1111111111111187,False,True,0.992579743495835,False,none,True,False,in band and consistent with the spectral estimate,42,5,0.6341463414634146,0.7314634146341463,0.5050000000000001,0.9024390243902439,-0.09731707317073168,1.0,0.2,0.04146341463414627,0.9585365853658537,False,1.0,1.9506447143250776,0.09266661997410328,3.6247252816884776,2.8329758664033253,False
jog,16,21,50.0,1636,32.72,True,,0.0,0.72,32.0,1,1.0,tracking,vertical_only,"forward axis wanders 22 deg (p95) across windows (> 10): not a fixed horizontal frame | step-rate and stride-rate horizontal axes are 7 deg apart, not ~90 deg: mediolateral axis is unverified | NOTE (not a failure): vertical wanders 35 deg (p95) within the trial, so a trial-constant rotation would be invalid here; tracking mode is in use, which corrects the vertical channel and the per-sample horizontal plane",91.7450666619305,True,True,2.6538050324155846,False,0,18.25268644145338,35.45850343122233,21.885844191852566,7,False,7.34623028690465,4.569526618428639,unsupported,False,0.631140909127728,0.15961854661440833,0.593225603081584,0.8202640576391377,0.7232129672839624,True,1.857663522690909,3.9807075486233767,82,153.02267002518892,159.22830194493508,0.27934298718413714,0.037037037037037035,9.563916876574302,3.421052631578958,False,True,0.9610268284975354,False,none,True,False,in band and consistent with the spectral estimate,82,5,0.2345679012345679,0.6356172839506173,0.5051851851851851,0.9875,-0.40104938271604945,0.9875,0.5,0.21917901234567894,0.7683209876543211,True,0.9375,2.5911804261509475,0.24466987557807915,2.4842688473678787,1.8335660130405096,False
jog,16,22,50.0,1468,29.36,True,,0.0,0.36,29.0,1,1.0,tracking,vertical_only,"forward axis wanders 13 deg (p95) across windows (> 10): not a fixed horizontal frame | step-rate and stride-rate horizontal axes are 13 deg apart, not ~90 deg: mediolateral axis is unverified | NOTE (not a failure): vertical wanders 28 deg (p95) within the trial, so a trial-constant rotation would be invalid here; tracking mode is in use, which corrects the vertical channel and the per-sample horizontal plane",14.929182656099673,True,True,2.760549140607146,False,0,14.620309121314822,27.750431017703924,13.37266498441494,6,False,12.635190836821385,32.335303431835165,unsupported,False,0.500547747774166,0.1323966049850375,0.25165104405427796,0.871352445754368,0.2888051158637796,True,1.9323843984250022,4.140823710910719,80,165.38729937194697,165.63294843642876,0.1369432305712306,0.27848101265822783,26.71640989854521,1.3750000000000027,False,True,0.9985169070115535,False,none,True,False,in band and consistent with the spectral estimate,80,5,0.25316455696202533,0.5522784810126582,0.5051265822784811,0.28205128205128205,-0.29911392405063286,0.8974358974358975,0.2,0.1301785134696527,0.7672573839662448,True,0.6666666666666667,1.8448318406468271,0.06973257699593377,2.8105896353472697,2.549820512547998,False
jog,16,23,50.0,1147,22.94,True,,0.0,0.94,22.0,1,1.0,tracking,vertical_only,"forward axis wanders 15 deg (p95) across windows (> 10): not a fixed horizontal frame | NOTE (not a failure): vertical wanders 33 deg (p95) within the trial, so a trial-constant rotation would be invalid here; tracking mode is in use, which corrects the vertical channel and the per-sample horizontal plane",17.390399701774882,True,True,2.9590100423660486,False,0,17.75482934998317,32.98694773982613,15.012953355993881,4,False,70.99757188102703,23.23715168988425,supported,True,0.4759198556371867,0.19207057761211038,0.5684192035316395,0.8241426593961307,0.6897097208244675,True,2.071307029656234,4.438515063549072,65,178.6046511627907,177.54060254196293,0.08879214734402179,0.0,15.81395348837245,1.151515151515159,False,True,1.0059932691767015,False,none,True,False,in band and consistent with the spectral estimate,65,5,0.390625,0.701875,0.504375,1.0,-0.31125,1.0,0.3,0.14734623015873016,0.8526537698412698,True,0.9682539682539683,2.5558613098494707,0.5480222866371008,5.516884821274761,2.3361105697735405,False
jog,16,24,50.0,790,15.8,True,,0.0,0.8,15.0,1,1.0,tracking,vertical_only,"forward axis wanders 14 deg (p95) across windows (> 10): not a fixed horizontal frame | step-rate and stride-rate horizontal axes are 51 deg apart, not ~90 deg: mediolateral axis is unverified | NOTE (not a failure): vertical wanders 36 deg (p95) within the trial, so a trial-constant rotation would be invalid here; tracking mode is in use, which corrects the vertical channel and the per-sample horizontal plane | forward sign (front vs back) is not resolved with confidence",8.091346404498722,True,False,2.895885438402519,False,0,18.959723921385354,36.297124296696246,13.671582388253935,2,False,51.122962567124056,83.55493415602628,unsupported,False,0.4026773490973181,0.11662386753019016,0.0889832337984354,0.7582367655065021,0.11735547238862072,True,2.027119806881763,4.343828157603778,44,175.2717391304348,173.75312630415115,0.16146198569969042,0.11627906976744186,30.04658385093175,1.3749999999999973,False,True,1.008740060444296,False,none,True,False,in band and consistent with the spectral estimate,44,5,0.5813953488372093,0.4617441860465117,0.5053488372093022,0.40476190476190477,0.11965116279069765,0.9069767441860465,0.3,0.21941306755260237,0.6875636766334441,True,0.716500553709856,3.258421650847528,0.09250107087582111,0.7285596030517147,2.1420249321475913,False
